<?xml version="1.0" encoding="UTF-8"?>
<!DOCTYPE codetemplates PUBLIC "-//NetBeans//DTD Editor Code Templates settings 1.0//EN" "http://www.netbeans.org/dtds/EditorCodeTemplates-1_0.dtd">
<codetemplates>
    <codetemplate abbreviation="sw" xml:space="preserve">
        <code><![CDATA[switch (${var instanceof="java.lang.Enum"}) {
        case ${val completionInvoke}:
            ${cursor}
            break;
            
        case :

            break;

        case: 

            break;
        case :

            break;

        case: 

            break;
        case :

            break;

        case: 

            break;
    }
]]></code>
    </codetemplate>
    <codetemplate abbreviation="la" xml:space="preserve">
        <code><![CDATA[    public static String leerArchivo(String ruta) {

        String datosArchivados = "";
        String linea;

        try (BufferedReader br = new BufferedReader(new FileReader(ruta))) {

            do {
                linea = br.readLine();
                if (linea != null) {
                    datosArchivados += linea + "\n";
                }
            } while (linea != null);

        } catch (FileNotFoundException ex) {
            Logger.getLogger(Lectura.class.getName()).log(Level.SEVERE, null, ex);
        } catch (IOException ex) {
            Logger.getLogger(Lectura.class.getName()).log(Level.SEVERE, null, ex);
        }

        return datosArchivados;
    }]]></code>
    </codetemplate>
    <codetemplate abbreviation="jaxbu" xml:space="preserve">
        <code><![CDATA[
            try {
                javax.xml.bind.JAXBContext jaxbCtx = javax.xml.bind.JAXBContext.newInstance(${UM_OBJ instanceof="java.lang.Object" default="umObj"}.getClass().getPackage().getName());
                javax.xml.bind.Unmarshaller unmarshaller = jaxbCtx.createUnmarshaller();
                ${UM_OBJ} = ${TYPE_CAST cast default=""} unmarshaller.unmarshal(new java.io.File("File path")); //NOI18N
            } catch (javax.xml.bind.JAXBException ex) {
                // XXXTODO Handle exception
                java.util.logging.Logger.getLogger("global").log(java.util.logging.Level.SEVERE, null, ex); //NOI18N
            }
        ]]></code>
        <description><![CDATA[Sample template to unmarshal JAXB objects.]]></description>
    </codetemplate>
    <codetemplate abbreviation="trx" xml:space="preserve">
        <code><![CDATA[
    public static Document inicializarDocumento(){
        
        Document doc= null;
        try {
            DocumentBuilder db = DocumentBuilderFactory.newInstance().newDocumentBuilder();
            doc= db.newDocument();
            
            doc.appendChild(doc.createElement("raiz"));
            
            doc.getDocumentElement().appendChild(doc.createElement("Clientes"));
            doc.getDocumentElement().appendChild(doc.createElement("Empleados"));
            doc.getElementsByTagName("Empleados").item(0).appendChild(doc.createElement("Directivos"));
            
        } catch (ParserConfigurationException ex) {
            Logger.getLogger(XML.class.getName()).log(Level.SEVERE, null, ex);
        }
        return doc;
    }

    /**
     * 
     * @param doc
     * @param ruta
     * @param nombreArchivo 
     */
    public static void transformarDocumento(Document doc, String ruta, String nombreArchivo){
        
        File archivo = new File (ruta+nombreArchivo);
        
        try{
            Transformer tr = TransformerFactory.newInstance().newTransformer();
            tr.setOutputProperty(OutputKeys.ENCODING, "UTF-8");
            tr.setOutputProperty(OutputKeys.INDENT , "yes");
            tr.setOutputProperty("{http://xml.apache.org/xslt}indent-amount", "2");
            DOMSource source= new DOMSource(doc);
            StreamResult sr= new StreamResult(archivo);
            tr.transform(source, sr);
            System.out.println("Documento " +nombreArchivo + " creado!");
            
        } catch (TransformerConfigurationException ex) {
            Logger.getLogger(XML.class.getName()).log(Level.SEVERE, null, ex);
        } catch (TransformerException ex) {
            Logger.getLogger(XML.class.getName()).log(Level.SEVERE, null, ex);
        }
    }
    
    
    /**
     * 
     * @param ruta
     * @return 
     */
    public static Document analizarDocumento(String ruta) {

        Document doc= null;
        try {
            DocumentBuilder db = DocumentBuilderFactory.newInstance().newDocumentBuilder();
            doc = db.parse(ruta);
        } catch (ParserConfigurationException ex) {
            Logger.getLogger(XML.class.getName()).log(Level.SEVERE, null, ex);
        } catch (SAXException ex) {
            Logger.getLogger(XML.class.getName()).log(Level.SEVERE, null, ex);
        } catch (IOException ex) {
            Logger.getLogger(XML.class.getName()).log(Level.SEVERE, null, ex);
        }
        return doc;
    }]]></code>
    </codetemplate>
    <codetemplate abbreviation="ea" xml:space="preserve">
        <code><![CDATA[  public static boolean escribirArchivo(String ruta, String datos, boolean sobreescribir) {

        boolean resultado = true;
        
        try(FileWriter fichero=new FileWriter(ruta, sobreescribir)){
            
            fichero.write(datos);
            fichero.write("\n");
            
            
        } catch (IOException ex) {
            Logger.getLogger(Lectura.class.getName()).log(Level.SEVERE, null, ex);
            resultado=false;
        }
        return resultado;

    }]]></code>
    </codetemplate>
    <codetemplate abbreviation="jaxbm" xml:space="preserve">
        <code><![CDATA[try {            
                javax.xml.bind.JAXBContext jaxbCtx= javax.xml.bind.JAXBContext.newInstance( ${OBJ2M instanceof="java.lang.Object" default="obj2BMarshalled"}.getClass().getPackage().getName());
                javax.xml.bind.Marshaller marshaller = jaxbCtx.createMarshaller();
                marshaller.setProperty(javax.xml.bind.Marshaller.JAXB_ENCODING, "UTF-8"); //NOI18N
                marshaller.setProperty(javax.xml.bind.Marshaller.JAXB_FORMATTED_OUTPUT, Boolean.TRUE);
                marshaller.marshal(${OBJ2M} , System.out);
            } catch (javax.xml.bind.JAXBException ex) {
                // XXXTODO Handle exception
                java.util.logging.Logger.getLogger("global").log(java.util.logging.Level.SEVERE, null, ex); //NOI18N
        }]]></code>
        <description><![CDATA[Sample template to marshal JAXB objects.]]></description>
    </codetemplate>
</codetemplates>
