<?xml version="1.0" encoding="UTF-8"?>
<!DOCTYPE fontscolors PUBLIC "-//NetBeans//DTD Editor Fonts and Colors settings 1.1//EN" "http://www.netbeans.org/dtds/EditorFontsColors-1_1.dtd">
<fontscolors>
    <fontcolor bgColor="ff38566f" name="mark-occurrences">
        <font name="Consolas" style="plain"/>
    </fontcolor>
    <fontcolor foreColor="white" name="identifier"/>
    <fontcolor default="field" name="markup-attribute"/>
    <fontcolor default="identifier" foreColor="ffff6666" name="method" underline="lightGray"/>
    <fontcolor foreColor="ffff6666" name="string"/>
    <fontcolor default="keyword" name="markup-element"/>
    <fontcolor default="string" foreColor="ffc10087" name="markup-attribute-value"/>
    <fontcolor bgColor="red" foreColor="white" name="error"/>
    <fontcolor default="default" name="entity-reference"/>
    <fontcolor name="separator"/>
    <fontcolor name="operator"/>
    <fontcolor name="url" underline="blue"/>
    <fontcolor foreColor="ffeddd3d" name="number"/>
    <fontcolor bgColor="ff000904" foreColor="white" name="default" underline="lightGray">
        <font name="Consolas" size="12"/>
    </fontcolor>
    <fontcolor default="identifier" name="field"/>
    <fontcolor foreColor="ff8aa6c1" name="char"/>
    <fontcolor name="warning" waveUnderlined="yellow"/>
    <fontcolor foreColor="darkGray" name="comment">
        <font style="italic"/>
    </fontcolor>
    <fontcolor foreColor="ff006666" name="keyword"/>
    <fontcolor name="whitespace"/>
</fontscolors>
