<?xml version="1.0" encoding="UTF-8"?>
<!DOCTYPE fontscolors PUBLIC "-//NetBeans//DTD Editor Fonts and Colors settings 1.1//EN" "http://www.netbeans.org/dtds/EditorFontsColors-1_1.dtd">
<fontscolors>
    <fontcolor default="local-variable" foreColor="white" name="mod-local-variable-declaration"/>
    <fontcolor default="identifier" foreColor="white" name="identifier"/>
    <fontcolor default="field" foreColor="white" name="mod-field"/>
    <fontcolor default="abstract" foreColor="white" name="mod-abstract"/>
    <fontcolor default="public" foreColor="orange" name="mod-public"/>
    <fontcolor default="method" foreColor="ffff9966" name="mod-method"/>
    <fontcolor default="method" foreColor="ffff6600" name="mod-method-declaration"/>
    <fontcolor default="keyword" foreColor="ffff66ff" name="keyword"/>
    <fontcolor default="field" foreColor="white" name="mod-field-declaration"/>
</fontscolors>
