<?xml version="1.0" encoding="UTF-8"?>
<!DOCTYPE fontscolors PUBLIC "-//NetBeans//DTD Editor Fonts and Colors settings 1.1//EN" "http://www.netbeans.org/dtds/EditorFontsColors-1_1.dtd">
<fontscolors>
    <fontcolor foreColor="white" name="identifier"/>
    <fontcolor foreColor="ff0099ff" name="static">
        <font style="italic"/>
    </fontcolor>
    <fontcolor foreColor="pink" name="string"/>
    <fontcolor foreColor="ffcc3300" name="method">
        <font style="bold"/>
    </fontcolor>
    <fontcolor foreColor="cyan" name="abstract"/>
    <fontcolor foreColor="ff660066" name="interface"/>
    <fontcolor foreColor="ff0066cc" name="separator"/>
    <fontcolor foreColor="white" name="operator"/>
    <fontcolor foreColor="pink" name="enum"/>
    <fontcolor name="url" underline="blue"/>
    <fontcolor foreColor="lightGray" name="number"/>
    <fontcolor foreColor="white" name="field">
        <font style="bold"/>
    </fontcolor>
    <fontcolor foreColor="white" name="method-parameter"/>
    <fontcolor foreColor="red" name="warning" waveUnderlined="yellow"/>
    <fontcolor foreColor="darkGray" name="comment"/>
    <fontcolor foreColor="ff006699" name="keyword"/>
    <fontcolor foreColor="white" name="local-variable"/>
    <fontcolor foreColor="ff0033ff" name="class"/>
</fontscolors>
