<?xml version="1.0" encoding="UTF-8"?>
<!DOCTYPE fontscolors PUBLIC "-//NetBeans//DTD Editor Fonts and Colors settings 1.1//EN" "http://www.netbeans.org/dtds/EditorFontsColors-1_1.dtd">
<fontscolors>
    <fontcolor bgColor="ff38566f" name="mark-occurrences">
        <font name="Consolas" style="plain"/>
    </fontcolor>
    <fontcolor foreColor="white" name="identifier"/>
    <fontcolor bgColor="ff121e31" foreColor="white" name="default">
        <font name="Monospaced" size="12"/>
    </fontcolor>
    <fontcolor foreColor="ffff6666" name="string"/>
    <fontcolor name="warning" waveUnderlined="yellow"/>
    <fontcolor foreColor="orange" name="keyword"/>
    <fontcolor name="separator"/>
    <fontcolor name="url" underline="blue"/>
</fontscolors>
